dataset_name,target_col,feature_name
dgs10_long_1w,target_dgs10_chg_1w,DGS10
dgs10_long_1w,target_dgs10_chg_1w,DGS2
dgs10_long_1w,target_dgs10_chg_1w,DGS3MO
dgs10_long_1w,target_dgs10_chg_1w,DGS5
dgs10_long_1w,target_dgs10_chg_1w,DGS30
dgs10_long_1w,target_dgs10_chg_1w,DFII10
dgs10_long_1w,target_dgs10_chg_1w,T10YIE
dgs10_long_1w,target_dgs10_chg_1w,FEDFUNDS
dgs10_long_1w,target_dgs10_chg_1w,CPIAUCSL
dgs10_long_1w,target_dgs10_chg_1w,CPILFESL
dgs10_long_1w,target_dgs10_chg_1w,PCEPI
dgs10_long_1w,target_dgs10_chg_1w,PCEPILFE
dgs10_long_1w,target_dgs10_chg_1w,UNRATE
dgs10_long_1w,target_dgs10_chg_1w,PAYEMS
dgs10_long_1w,target_dgs10_chg_1w,INDPRO
dgs10_long_1w,target_dgs10_chg_1w,VIXCLS
dgs10_long_1w,target_dgs10_chg_1w,yield_curve_10y_2y
dgs10_long_1w,target_dgs10_chg_1w,yield_curve_10y_3mo
dgs10_long_1w,target_dgs10_chg_1w,yield_curve_30y_10y
dgs10_long_1w,target_dgs10_chg_1w,breakeven_real_gap
dgs10_long_1w,target_dgs10_chg_1w,dgs10_chg_1w
dgs10_long_1w,target_dgs10_chg_1w,dgs10_chg_4w
dgs10_long_1w,target_dgs10_chg_1w,dgs2_chg_1w
dgs10_long_1w,target_dgs10_chg_1w,dgs2_chg_4w
dgs10_long_1w,target_dgs10_chg_1w,dgs3mo_chg_1w
dgs10_long_1w,target_dgs10_chg_1w,dgs3mo_chg_4w
dgs10_long_1w,target_dgs10_chg_1w,dgs5_chg_1w
dgs10_long_1w,target_dgs10_chg_1w,dgs5_chg_4w
dgs10_long_1w,target_dgs10_chg_1w,dgs30_chg_1w
dgs10_long_1w,target_dgs10_chg_1w,dgs30_chg_4w
dgs10_long_1w,target_dgs10_chg_1w,dgs10_roll_mean_4w
dgs10_long_1w,target_dgs10_chg_1w,dgs10_roll_mean_12w
dgs10_long_1w,target_dgs10_chg_1w,dgs10_roll_std_4w
dgs10_long_1w,target_dgs10_chg_1w,dgs10_roll_std_12w
dgs10_long_1w,target_dgs10_chg_1w,vixcls_chg_1w
dgs10_long_1w,target_dgs10_chg_1w,vixcls_chg_4w
dgs10_long_1w,target_dgs10_chg_1w,vixcls_roll_mean_4w
dgs10_long_1w,target_dgs10_chg_1w,vixcls_roll_mean_12w
dgs10_long_1w,target_dgs10_chg_1w,vixcls_roll_std_4w
dgs10_long_1w,target_dgs10_chg_1w,vixcls_roll_std_12w
dgs10_long_4w,target_dgs10_chg_4w,DGS10
dgs10_long_4w,target_dgs10_chg_4w,DGS2
dgs10_long_4w,target_dgs10_chg_4w,DGS3MO
dgs10_long_4w,target_dgs10_chg_4w,DGS5
dgs10_long_4w,target_dgs10_chg_4w,DGS30
dgs10_long_4w,target_dgs10_chg_4w,DFII10
dgs10_long_4w,target_dgs10_chg_4w,T10YIE
dgs10_long_4w,target_dgs10_chg_4w,FEDFUNDS
dgs10_long_4w,target_dgs10_chg_4w,CPIAUCSL
dgs10_long_4w,target_dgs10_chg_4w,CPILFESL
dgs10_long_4w,target_dgs10_chg_4w,PCEPI
dgs10_long_4w,target_dgs10_chg_4w,PCEPILFE
dgs10_long_4w,target_dgs10_chg_4w,UNRATE
dgs10_long_4w,target_dgs10_chg_4w,PAYEMS
dgs10_long_4w,target_dgs10_chg_4w,INDPRO
dgs10_long_4w,target_dgs10_chg_4w,VIXCLS
dgs10_long_4w,target_dgs10_chg_4w,yield_curve_10y_2y
dgs10_long_4w,target_dgs10_chg_4w,yield_curve_10y_3mo
dgs10_long_4w,target_dgs10_chg_4w,yield_curve_30y_10y
dgs10_long_4w,target_dgs10_chg_4w,breakeven_real_gap
dgs10_long_4w,target_dgs10_chg_4w,dgs10_chg_1w
dgs10_long_4w,target_dgs10_chg_4w,dgs10_chg_4w
dgs10_long_4w,target_dgs10_chg_4w,dgs2_chg_1w
dgs10_long_4w,target_dgs10_chg_4w,dgs2_chg_4w
dgs10_long_4w,target_dgs10_chg_4w,dgs3mo_chg_1w
dgs10_long_4w,target_dgs10_chg_4w,dgs3mo_chg_4w
dgs10_long_4w,target_dgs10_chg_4w,dgs5_chg_1w
dgs10_long_4w,target_dgs10_chg_4w,dgs5_chg_4w
dgs10_long_4w,target_dgs10_chg_4w,dgs30_chg_1w
dgs10_long_4w,target_dgs10_chg_4w,dgs30_chg_4w
dgs10_long_4w,target_dgs10_chg_4w,dgs10_roll_mean_4w
dgs10_long_4w,target_dgs10_chg_4w,dgs10_roll_mean_12w
dgs10_long_4w,target_dgs10_chg_4w,dgs10_roll_std_4w
dgs10_long_4w,target_dgs10_chg_4w,dgs10_roll_std_12w
dgs10_long_4w,target_dgs10_chg_4w,vixcls_chg_1w
dgs10_long_4w,target_dgs10_chg_4w,vixcls_chg_4w
dgs10_long_4w,target_dgs10_chg_4w,vixcls_roll_mean_4w
dgs10_long_4w,target_dgs10_chg_4w,vixcls_roll_mean_12w
dgs10_long_4w,target_dgs10_chg_4w,vixcls_roll_std_4w
dgs10_long_4w,target_dgs10_chg_4w,vixcls_roll_std_12w
dgs10_long_12w,target_dgs10_chg_12w,DGS10
dgs10_long_12w,target_dgs10_chg_12w,DGS2
dgs10_long_12w,target_dgs10_chg_12w,DGS3MO
dgs10_long_12w,target_dgs10_chg_12w,DGS5
dgs10_long_12w,target_dgs10_chg_12w,DGS30
dgs10_long_12w,target_dgs10_chg_12w,DFII10
dgs10_long_12w,target_dgs10_chg_12w,T10YIE
dgs10_long_12w,target_dgs10_chg_12w,FEDFUNDS
dgs10_long_12w,target_dgs10_chg_12w,CPIAUCSL
dgs10_long_12w,target_dgs10_chg_12w,CPILFESL
dgs10_long_12w,target_dgs10_chg_12w,PCEPI
dgs10_long_12w,target_dgs10_chg_12w,PCEPILFE
dgs10_long_12w,target_dgs10_chg_12w,UNRATE
dgs10_long_12w,target_dgs10_chg_12w,PAYEMS
dgs10_long_12w,target_dgs10_chg_12w,INDPRO
dgs10_long_12w,target_dgs10_chg_12w,VIXCLS
dgs10_long_12w,target_dgs10_chg_12w,yield_curve_10y_2y
dgs10_long_12w,target_dgs10_chg_12w,yield_curve_10y_3mo
dgs10_long_12w,target_dgs10_chg_12w,yield_curve_30y_10y
dgs10_long_12w,target_dgs10_chg_12w,breakeven_real_gap
dgs10_long_12w,target_dgs10_chg_12w,dgs10_chg_1w
dgs10_long_12w,target_dgs10_chg_12w,dgs10_chg_4w
dgs10_long_12w,target_dgs10_chg_12w,dgs2_chg_1w
dgs10_long_12w,target_dgs10_chg_12w,dgs2_chg_4w
dgs10_long_12w,target_dgs10_chg_12w,dgs3mo_chg_1w
dgs10_long_12w,target_dgs10_chg_12w,dgs3mo_chg_4w
dgs10_long_12w,target_dgs10_chg_12w,dgs5_chg_1w
dgs10_long_12w,target_dgs10_chg_12w,dgs5_chg_4w
dgs10_long_12w,target_dgs10_chg_12w,dgs30_chg_1w
dgs10_long_12w,target_dgs10_chg_12w,dgs30_chg_4w
dgs10_long_12w,target_dgs10_chg_12w,dgs10_roll_mean_4w
dgs10_long_12w,target_dgs10_chg_12w,dgs10_roll_mean_12w
dgs10_long_12w,target_dgs10_chg_12w,dgs10_roll_std_4w
dgs10_long_12w,target_dgs10_chg_12w,dgs10_roll_std_12w
dgs10_long_12w,target_dgs10_chg_12w,vixcls_chg_1w
dgs10_long_12w,target_dgs10_chg_12w,vixcls_chg_4w
dgs10_long_12w,target_dgs10_chg_12w,vixcls_roll_mean_4w
dgs10_long_12w,target_dgs10_chg_12w,vixcls_roll_mean_12w
dgs10_long_12w,target_dgs10_chg_12w,vixcls_roll_std_4w
dgs10_long_12w,target_dgs10_chg_12w,vixcls_roll_std_12w
spread_long_1w,target_spread_chg_1w,mortgage_spread
spread_long_1w,target_spread_chg_1w,MORTGAGE30US
spread_long_1w,target_spread_chg_1w,DGS10
spread_long_1w,target_spread_chg_1w,DGS2
spread_long_1w,target_spread_chg_1w,DGS3MO
spread_long_1w,target_spread_chg_1w,DGS5
spread_long_1w,target_spread_chg_1w,DGS30
spread_long_1w,target_spread_chg_1w,FEDFUNDS
spread_long_1w,target_spread_chg_1w,BAA
spread_long_1w,target_spread_chg_1w,AAA
spread_long_1w,target_spread_chg_1w,NFCI
spread_long_1w,target_spread_chg_1w,VIXCLS
spread_long_1w,target_spread_chg_1w,UNRATE
spread_long_1w,target_spread_chg_1w,CPIAUCSL
spread_long_1w,target_spread_chg_1w,yield_curve_10y_2y
spread_long_1w,target_spread_chg_1w,yield_curve_10y_3mo
spread_long_1w,target_spread_chg_1w,yield_curve_30y_10y
spread_long_1w,target_spread_chg_1w,credit_spread_baa_aaa
spread_long_1w,target_spread_chg_1w,credit_spread_baa_10y
spread_long_1w,target_spread_chg_1w,credit_spread_aaa_10y
spread_long_1w,target_spread_chg_1w,mortgage_spread_chg_1w
spread_long_1w,target_spread_chg_1w,mortgage_spread_chg_4w
spread_long_1w,target_spread_chg_1w,mortgage_spread_roll_mean_4w
spread_long_1w,target_spread_chg_1w,mortgage_spread_roll_mean_12w
spread_long_1w,target_spread_chg_1w,mortgage_spread_roll_std_4w
spread_long_1w,target_spread_chg_1w,mortgage_spread_roll_std_12w
spread_long_1w,target_spread_chg_1w,mortgage_spread_roll_mean_5y
spread_long_1w,target_spread_chg_1w,mortgage_spread_gap_vs_5y_avg
spread_long_1w,target_spread_chg_1w,dgs10_chg_1w
spread_long_1w,target_spread_chg_1w,dgs10_chg_4w
spread_long_1w,target_spread_chg_1w,dgs10_roll_mean_4w
spread_long_1w,target_spread_chg_1w,dgs10_roll_mean_12w
spread_long_1w,target_spread_chg_1w,dgs10_roll_std_4w
spread_long_1w,target_spread_chg_1w,dgs10_roll_std_12w
spread_long_1w,target_spread_chg_1w,vixcls_chg_1w
spread_long_1w,target_spread_chg_1w,vixcls_chg_4w
spread_long_1w,target_spread_chg_1w,vixcls_roll_mean_4w
spread_long_1w,target_spread_chg_1w,vixcls_roll_mean_12w
spread_long_1w,target_spread_chg_1w,vixcls_roll_std_4w
spread_long_1w,target_spread_chg_1w,vixcls_roll_std_12w
spread_long_1w,target_spread_chg_1w,nfci_chg_1w
spread_long_1w,target_spread_chg_1w,nfci_chg_4w
spread_long_1w,target_spread_chg_1w,nfci_roll_mean_4w
spread_long_1w,target_spread_chg_1w,nfci_roll_mean_12w
spread_long_1w,target_spread_chg_1w,nfci_roll_std_4w
spread_long_1w,target_spread_chg_1w,nfci_roll_std_12w
spread_long_4w,target_spread_chg_4w,mortgage_spread
spread_long_4w,target_spread_chg_4w,MORTGAGE30US
spread_long_4w,target_spread_chg_4w,DGS10
spread_long_4w,target_spread_chg_4w,DGS2
spread_long_4w,target_spread_chg_4w,DGS3MO
spread_long_4w,target_spread_chg_4w,DGS5
spread_long_4w,target_spread_chg_4w,DGS30
spread_long_4w,target_spread_chg_4w,FEDFUNDS
spread_long_4w,target_spread_chg_4w,BAA
spread_long_4w,target_spread_chg_4w,AAA
spread_long_4w,target_spread_chg_4w,NFCI
spread_long_4w,target_spread_chg_4w,VIXCLS
spread_long_4w,target_spread_chg_4w,UNRATE
spread_long_4w,target_spread_chg_4w,CPIAUCSL
spread_long_4w,target_spread_chg_4w,yield_curve_10y_2y
spread_long_4w,target_spread_chg_4w,yield_curve_10y_3mo
spread_long_4w,target_spread_chg_4w,yield_curve_30y_10y
spread_long_4w,target_spread_chg_4w,credit_spread_baa_aaa
spread_long_4w,target_spread_chg_4w,credit_spread_baa_10y
spread_long_4w,target_spread_chg_4w,credit_spread_aaa_10y
spread_long_4w,target_spread_chg_4w,mortgage_spread_chg_1w
spread_long_4w,target_spread_chg_4w,mortgage_spread_chg_4w
spread_long_4w,target_spread_chg_4w,mortgage_spread_roll_mean_4w
spread_long_4w,target_spread_chg_4w,mortgage_spread_roll_mean_12w
spread_long_4w,target_spread_chg_4w,mortgage_spread_roll_std_4w
spread_long_4w,target_spread_chg_4w,mortgage_spread_roll_std_12w
spread_long_4w,target_spread_chg_4w,mortgage_spread_roll_mean_5y
spread_long_4w,target_spread_chg_4w,mortgage_spread_gap_vs_5y_avg
spread_long_4w,target_spread_chg_4w,dgs10_chg_1w
spread_long_4w,target_spread_chg_4w,dgs10_chg_4w
spread_long_4w,target_spread_chg_4w,dgs10_roll_mean_4w
spread_long_4w,target_spread_chg_4w,dgs10_roll_mean_12w
spread_long_4w,target_spread_chg_4w,dgs10_roll_std_4w
spread_long_4w,target_spread_chg_4w,dgs10_roll_std_12w
spread_long_4w,target_spread_chg_4w,vixcls_chg_1w
spread_long_4w,target_spread_chg_4w,vixcls_chg_4w
spread_long_4w,target_spread_chg_4w,vixcls_roll_mean_4w
spread_long_4w,target_spread_chg_4w,vixcls_roll_mean_12w
spread_long_4w,target_spread_chg_4w,vixcls_roll_std_4w
spread_long_4w,target_spread_chg_4w,vixcls_roll_std_12w
spread_long_4w,target_spread_chg_4w,nfci_chg_1w
spread_long_4w,target_spread_chg_4w,nfci_chg_4w
spread_long_4w,target_spread_chg_4w,nfci_roll_mean_4w
spread_long_4w,target_spread_chg_4w,nfci_roll_mean_12w
spread_long_4w,target_spread_chg_4w,nfci_roll_std_4w
spread_long_4w,target_spread_chg_4w,nfci_roll_std_12w
spread_long_12w,target_spread_chg_12w,mortgage_spread
spread_long_12w,target_spread_chg_12w,MORTGAGE30US
spread_long_12w,target_spread_chg_12w,DGS10
spread_long_12w,target_spread_chg_12w,DGS2
spread_long_12w,target_spread_chg_12w,DGS3MO
spread_long_12w,target_spread_chg_12w,DGS5
spread_long_12w,target_spread_chg_12w,DGS30
spread_long_12w,target_spread_chg_12w,FEDFUNDS
spread_long_12w,target_spread_chg_12w,BAA
spread_long_12w,target_spread_chg_12w,AAA
spread_long_12w,target_spread_chg_12w,NFCI
spread_long_12w,target_spread_chg_12w,VIXCLS
spread_long_12w,target_spread_chg_12w,UNRATE
spread_long_12w,target_spread_chg_12w,CPIAUCSL
spread_long_12w,target_spread_chg_12w,yield_curve_10y_2y
spread_long_12w,target_spread_chg_12w,yield_curve_10y_3mo
spread_long_12w,target_spread_chg_12w,yield_curve_30y_10y
spread_long_12w,target_spread_chg_12w,credit_spread_baa_aaa
spread_long_12w,target_spread_chg_12w,credit_spread_baa_10y
spread_long_12w,target_spread_chg_12w,credit_spread_aaa_10y
spread_long_12w,target_spread_chg_12w,mortgage_spread_chg_1w
spread_long_12w,target_spread_chg_12w,mortgage_spread_chg_4w
spread_long_12w,target_spread_chg_12w,mortgage_spread_roll_mean_4w
spread_long_12w,target_spread_chg_12w,mortgage_spread_roll_mean_12w
spread_long_12w,target_spread_chg_12w,mortgage_spread_roll_std_4w
spread_long_12w,target_spread_chg_12w,mortgage_spread_roll_std_12w
spread_long_12w,target_spread_chg_12w,mortgage_spread_roll_mean_5y
spread_long_12w,target_spread_chg_12w,mortgage_spread_gap_vs_5y_avg
spread_long_12w,target_spread_chg_12w,dgs10_chg_1w
spread_long_12w,target_spread_chg_12w,dgs10_chg_4w
spread_long_12w,target_spread_chg_12w,dgs10_roll_mean_4w
spread_long_12w,target_spread_chg_12w,dgs10_roll_mean_12w
spread_long_12w,target_spread_chg_12w,dgs10_roll_std_4w
spread_long_12w,target_spread_chg_12w,dgs10_roll_std_12w
spread_long_12w,target_spread_chg_12w,vixcls_chg_1w
spread_long_12w,target_spread_chg_12w,vixcls_chg_4w
spread_long_12w,target_spread_chg_12w,vixcls_roll_mean_4w
spread_long_12w,target_spread_chg_12w,vixcls_roll_mean_12w
spread_long_12w,target_spread_chg_12w,vixcls_roll_std_4w
spread_long_12w,target_spread_chg_12w,vixcls_roll_std_12w
spread_long_12w,target_spread_chg_12w,nfci_chg_1w
spread_long_12w,target_spread_chg_12w,nfci_chg_4w
spread_long_12w,target_spread_chg_12w,nfci_roll_mean_4w
spread_long_12w,target_spread_chg_12w,nfci_roll_mean_12w
spread_long_12w,target_spread_chg_12w,nfci_roll_std_4w
spread_long_12w,target_spread_chg_12w,nfci_roll_std_12w
dgs10_short_oas_1w,target_dgs10_chg_1w,DGS10
dgs10_short_oas_1w,target_dgs10_chg_1w,DGS2
dgs10_short_oas_1w,target_dgs10_chg_1w,DGS3MO
dgs10_short_oas_1w,target_dgs10_chg_1w,DGS5
dgs10_short_oas_1w,target_dgs10_chg_1w,DGS30
dgs10_short_oas_1w,target_dgs10_chg_1w,DFII10
dgs10_short_oas_1w,target_dgs10_chg_1w,T10YIE
dgs10_short_oas_1w,target_dgs10_chg_1w,FEDFUNDS
dgs10_short_oas_1w,target_dgs10_chg_1w,CPIAUCSL
dgs10_short_oas_1w,target_dgs10_chg_1w,CPILFESL
dgs10_short_oas_1w,target_dgs10_chg_1w,PCEPI
dgs10_short_oas_1w,target_dgs10_chg_1w,PCEPILFE
dgs10_short_oas_1w,target_dgs10_chg_1w,UNRATE
dgs10_short_oas_1w,target_dgs10_chg_1w,PAYEMS
dgs10_short_oas_1w,target_dgs10_chg_1w,INDPRO
dgs10_short_oas_1w,target_dgs10_chg_1w,VIXCLS
dgs10_short_oas_1w,target_dgs10_chg_1w,yield_curve_10y_2y
dgs10_short_oas_1w,target_dgs10_chg_1w,yield_curve_10y_3mo
dgs10_short_oas_1w,target_dgs10_chg_1w,yield_curve_30y_10y
dgs10_short_oas_1w,target_dgs10_chg_1w,breakeven_real_gap
dgs10_short_oas_1w,target_dgs10_chg_1w,dgs10_chg_1w
dgs10_short_oas_1w,target_dgs10_chg_1w,dgs10_chg_4w
dgs10_short_oas_1w,target_dgs10_chg_1w,dgs2_chg_1w
dgs10_short_oas_1w,target_dgs10_chg_1w,dgs2_chg_4w
dgs10_short_oas_1w,target_dgs10_chg_1w,dgs3mo_chg_1w
dgs10_short_oas_1w,target_dgs10_chg_1w,dgs3mo_chg_4w
dgs10_short_oas_1w,target_dgs10_chg_1w,dgs5_chg_1w
dgs10_short_oas_1w,target_dgs10_chg_1w,dgs5_chg_4w
dgs10_short_oas_1w,target_dgs10_chg_1w,dgs30_chg_1w
dgs10_short_oas_1w,target_dgs10_chg_1w,dgs30_chg_4w
dgs10_short_oas_1w,target_dgs10_chg_1w,dgs10_roll_mean_4w
dgs10_short_oas_1w,target_dgs10_chg_1w,dgs10_roll_mean_12w
dgs10_short_oas_1w,target_dgs10_chg_1w,dgs10_roll_std_4w
dgs10_short_oas_1w,target_dgs10_chg_1w,dgs10_roll_std_12w
dgs10_short_oas_1w,target_dgs10_chg_1w,vixcls_chg_1w
dgs10_short_oas_1w,target_dgs10_chg_1w,vixcls_chg_4w
dgs10_short_oas_1w,target_dgs10_chg_1w,vixcls_roll_mean_4w
dgs10_short_oas_1w,target_dgs10_chg_1w,vixcls_roll_mean_12w
dgs10_short_oas_1w,target_dgs10_chg_1w,vixcls_roll_std_4w
dgs10_short_oas_1w,target_dgs10_chg_1w,vixcls_roll_std_12w
dgs10_short_oas_1w,target_dgs10_chg_1w,BAMLH0A0HYM2
dgs10_short_oas_1w,target_dgs10_chg_1w,BAMLC0A4CBBB
spread_short_oas_1w,target_spread_chg_1w,mortgage_spread
spread_short_oas_1w,target_spread_chg_1w,MORTGAGE30US
spread_short_oas_1w,target_spread_chg_1w,DGS10
spread_short_oas_1w,target_spread_chg_1w,DGS2
spread_short_oas_1w,target_spread_chg_1w,DGS3MO
spread_short_oas_1w,target_spread_chg_1w,DGS5
spread_short_oas_1w,target_spread_chg_1w,DGS30
spread_short_oas_1w,target_spread_chg_1w,FEDFUNDS
spread_short_oas_1w,target_spread_chg_1w,BAA
spread_short_oas_1w,target_spread_chg_1w,AAA
spread_short_oas_1w,target_spread_chg_1w,NFCI
spread_short_oas_1w,target_spread_chg_1w,VIXCLS
spread_short_oas_1w,target_spread_chg_1w,UNRATE
spread_short_oas_1w,target_spread_chg_1w,CPIAUCSL
spread_short_oas_1w,target_spread_chg_1w,yield_curve_10y_2y
spread_short_oas_1w,target_spread_chg_1w,yield_curve_10y_3mo
spread_short_oas_1w,target_spread_chg_1w,yield_curve_30y_10y
spread_short_oas_1w,target_spread_chg_1w,credit_spread_baa_aaa
spread_short_oas_1w,target_spread_chg_1w,credit_spread_baa_10y
spread_short_oas_1w,target_spread_chg_1w,credit_spread_aaa_10y
spread_short_oas_1w,target_spread_chg_1w,mortgage_spread_chg_1w
spread_short_oas_1w,target_spread_chg_1w,mortgage_spread_chg_4w
spread_short_oas_1w,target_spread_chg_1w,mortgage_spread_roll_mean_4w
spread_short_oas_1w,target_spread_chg_1w,mortgage_spread_roll_mean_12w
spread_short_oas_1w,target_spread_chg_1w,mortgage_spread_roll_std_4w
spread_short_oas_1w,target_spread_chg_1w,mortgage_spread_roll_std_12w
spread_short_oas_1w,target_spread_chg_1w,mortgage_spread_roll_mean_5y
spread_short_oas_1w,target_spread_chg_1w,mortgage_spread_gap_vs_5y_avg
spread_short_oas_1w,target_spread_chg_1w,dgs10_chg_1w
spread_short_oas_1w,target_spread_chg_1w,dgs10_chg_4w
spread_short_oas_1w,target_spread_chg_1w,dgs10_roll_mean_4w
spread_short_oas_1w,target_spread_chg_1w,dgs10_roll_mean_12w
spread_short_oas_1w,target_spread_chg_1w,dgs10_roll_std_4w
spread_short_oas_1w,target_spread_chg_1w,dgs10_roll_std_12w
spread_short_oas_1w,target_spread_chg_1w,vixcls_chg_1w
spread_short_oas_1w,target_spread_chg_1w,vixcls_chg_4w
spread_short_oas_1w,target_spread_chg_1w,vixcls_roll_mean_4w
spread_short_oas_1w,target_spread_chg_1w,vixcls_roll_mean_12w
spread_short_oas_1w,target_spread_chg_1w,vixcls_roll_std_4w
spread_short_oas_1w,target_spread_chg_1w,vixcls_roll_std_12w
spread_short_oas_1w,target_spread_chg_1w,nfci_chg_1w
spread_short_oas_1w,target_spread_chg_1w,nfci_chg_4w
spread_short_oas_1w,target_spread_chg_1w,nfci_roll_mean_4w
spread_short_oas_1w,target_spread_chg_1w,nfci_roll_mean_12w
spread_short_oas_1w,target_spread_chg_1w,nfci_roll_std_4w
spread_short_oas_1w,target_spread_chg_1w,nfci_roll_std_12w
spread_short_oas_1w,target_spread_chg_1w,BAMLH0A0HYM2
spread_short_oas_1w,target_spread_chg_1w,BAMLC0A4CBBB
